-- MySQL dump 10.13  Distrib 8.0.43, for Win64 (x86_64)
--
-- Host: localhost    Database: web_ecd
-- ------------------------------------------------------
-- Server version	8.0.43

/*!40101 SET @OLD_CHARACTER_SET_CLIENT=@@CHARACTER_SET_CLIENT */;
/*!40101 SET @OLD_CHARACTER_SET_RESULTS=@@CHARACTER_SET_RESULTS */;
/*!40101 SET @OLD_COLLATION_CONNECTION=@@COLLATION_CONNECTION */;
/*!50503 SET NAMES utf8mb4 */;
/*!40103 SET @OLD_TIME_ZONE=@@TIME_ZONE */;
/*!40103 SET TIME_ZONE='+00:00' */;
/*!40014 SET @OLD_UNIQUE_CHECKS=@@UNIQUE_CHECKS, UNIQUE_CHECKS=0 */;
/*!40014 SET @OLD_FOREIGN_KEY_CHECKS=@@FOREIGN_KEY_CHECKS, FOREIGN_KEY_CHECKS=0 */;
/*!40101 SET @OLD_SQL_MODE=@@SQL_MODE, SQL_MODE='NO_AUTO_VALUE_ON_ZERO' */;
/*!40111 SET @OLD_SQL_NOTES=@@SQL_NOTES, SQL_NOTES=0 */;

--
-- Table structure for table `cartitems`
--

DROP TABLE IF EXISTS `cartitems`;
/*!40101 SET @saved_cs_client     = @@character_set_client */;
/*!50503 SET character_set_client = utf8mb4 */;
CREATE TABLE `cartitems` (
  `id` int unsigned NOT NULL AUTO_INCREMENT,
  `clientId` int unsigned NOT NULL COMMENT 'ID do cliente (usuário)',
  `productId` int unsigned NOT NULL COMMENT 'ID do produto',
  `quantidade` int unsigned NOT NULL DEFAULT '1' COMMENT 'Quantidade do produto no carrinho',
  `createdAt` datetime NOT NULL DEFAULT CURRENT_TIMESTAMP,
  `updatedAt` datetime NOT NULL DEFAULT CURRENT_TIMESTAMP ON UPDATE CURRENT_TIMESTAMP,
  PRIMARY KEY (`id`),
  UNIQUE KEY `unique_client_product` (`clientId`,`productId`),
  KEY `idx_clientId` (`clientId`),
  KEY `idx_productId` (`productId`)
) ENGINE=InnoDB AUTO_INCREMENT=36 DEFAULT CHARSET=utf8mb4 COLLATE=utf8mb4_unicode_ci;
/*!40101 SET character_set_client = @saved_cs_client */;

--
-- Dumping data for table `cartitems`
--

LOCK TABLES `cartitems` WRITE;
/*!40000 ALTER TABLE `cartitems` DISABLE KEYS */;
/*!40000 ALTER TABLE `cartitems` ENABLE KEYS */;
UNLOCK TABLES;

--
-- Table structure for table `exchangecoupons`
--

DROP TABLE IF EXISTS `exchangecoupons`;
/*!40101 SET @saved_cs_client     = @@character_set_client */;
/*!50503 SET character_set_client = utf8mb4 */;
CREATE TABLE `exchangecoupons` (
  `id` int unsigned NOT NULL AUTO_INCREMENT,
  `code` varchar(50) NOT NULL,
  `exchangeId` int unsigned NOT NULL,
  `clientId` int unsigned NOT NULL,
  `value` decimal(10,2) NOT NULL,
  `used` tinyint(1) NOT NULL DEFAULT '0',
  `createdAt` datetime NOT NULL,
  `updatedAt` datetime NOT NULL,
  PRIMARY KEY (`id`),
  UNIQUE KEY `code` (`code`)
) ENGINE=InnoDB AUTO_INCREMENT=46 DEFAULT CHARSET=utf8mb4 COLLATE=utf8mb4_0900_ai_ci;
/*!40101 SET character_set_client = @saved_cs_client */;

--
-- Dumping data for table `exchangecoupons`
--

LOCK TABLES `exchangecoupons` WRITE;
/*!40000 ALTER TABLE `exchangecoupons` DISABLE KEYS */;
INSERT INTO `exchangecoupons` VALUES (44,'TROCA60-MHY10CQX',60,6,14.00,0,'2025-11-13 22:54:15','2025-11-13 22:54:15'),(45,'TROCA61-MINZ9PFS',61,6,100.00,0,'2025-12-02 02:47:33','2025-12-02 02:47:33');
/*!40000 ALTER TABLE `exchangecoupons` ENABLE KEYS */;
UNLOCK TABLES;

--
-- Table structure for table `exchangeitems`
--

DROP TABLE IF EXISTS `exchangeitems`;
/*!40101 SET @saved_cs_client     = @@character_set_client */;
/*!50503 SET character_set_client = utf8mb4 */;
CREATE TABLE `exchangeitems` (
  `id` int unsigned NOT NULL AUTO_INCREMENT,
  `exchangeId` int unsigned NOT NULL,
  `orderItemId` int unsigned NOT NULL,
  `productId` int unsigned NOT NULL,
  `quantidade` int unsigned NOT NULL,
  `motivo` text,
  `createdAt` datetime NOT NULL,
  `updatedAt` datetime NOT NULL,
  PRIMARY KEY (`id`),
  KEY `exchangeId` (`exchangeId`),
  KEY `orderItemId` (`orderItemId`),
  CONSTRAINT `exchangeitems_ibfk_1` FOREIGN KEY (`exchangeId`) REFERENCES `exchanges` (`id`) ON DELETE CASCADE ON UPDATE CASCADE,
  CONSTRAINT `exchangeitems_ibfk_2` FOREIGN KEY (`orderItemId`) REFERENCES `orderitems` (`id`) ON UPDATE CASCADE
) ENGINE=InnoDB AUTO_INCREMENT=68 DEFAULT CHARSET=utf8mb4 COLLATE=utf8mb4_0900_ai_ci;
/*!40101 SET character_set_client = @saved_cs_client */;

--
-- Dumping data for table `exchangeitems`
--

LOCK TABLES `exchangeitems` WRITE;
/*!40000 ALTER TABLE `exchangeitems` DISABLE KEYS */;
INSERT INTO `exchangeitems` VALUES (28,27,57,3,1,NULL,'2025-11-10 21:48:36','2025-11-10 21:48:36'),(29,28,58,2,1,NULL,'2025-11-10 21:49:48','2025-11-10 21:49:48'),(30,28,59,3,1,NULL,'2025-11-10 21:49:48','2025-11-10 21:49:48'),(31,29,60,2,1,NULL,'2025-11-10 22:06:10','2025-11-10 22:06:10'),(32,29,61,3,1,NULL,'2025-11-10 22:06:10','2025-11-10 22:06:10'),(33,30,62,3,1,NULL,'2025-11-10 22:52:25','2025-11-10 22:52:25'),(34,30,63,2,1,NULL,'2025-11-10 22:52:25','2025-11-10 22:52:25'),(35,31,66,2,1,'Quebrou','2025-11-10 23:01:18','2025-11-10 23:01:18'),(36,31,67,3,1,'Quebrou','2025-11-10 23:01:18','2025-11-10 23:01:18'),(37,32,68,2,1,NULL,'2025-11-10 23:11:26','2025-11-10 23:11:26'),(38,32,69,3,1,NULL,'2025-11-10 23:11:26','2025-11-10 23:11:26'),(39,33,104,1,1,NULL,'2025-11-11 19:09:19','2025-11-11 19:09:19'),(40,34,103,1,1,NULL,'2025-11-11 19:10:09','2025-11-11 19:10:09'),(41,35,107,1,1,NULL,'2025-11-11 19:13:26','2025-11-11 19:13:26'),(42,36,108,1,1,NULL,'2025-11-11 19:14:58','2025-11-11 19:14:58'),(43,37,109,1,1,NULL,'2025-11-11 19:21:28','2025-11-11 19:21:28'),(44,38,110,1,1,NULL,'2025-11-11 19:22:46','2025-11-11 19:22:46'),(45,39,111,1,1,NULL,'2025-11-11 19:24:07','2025-11-11 19:24:07'),(46,40,113,1,1,NULL,'2025-11-11 19:33:57','2025-11-11 19:33:57'),(47,41,114,1,1,NULL,'2025-11-11 19:34:39','2025-11-11 19:34:39'),(48,42,116,1,1,NULL,'2025-11-11 19:39:32','2025-11-11 19:39:32'),(49,43,118,1,1,NULL,'2025-11-11 19:54:54','2025-11-11 19:54:54'),(50,44,120,1,1,NULL,'2025-11-11 20:04:16','2025-11-11 20:04:16'),(51,45,122,1,1,NULL,'2025-11-11 20:10:51','2025-11-11 20:10:51'),(52,46,123,1,1,NULL,'2025-11-11 20:12:26','2025-11-11 20:12:26'),(53,47,124,1,1,NULL,'2025-11-11 20:13:44','2025-11-11 20:13:44'),(54,48,125,1,1,NULL,'2025-11-11 20:14:34','2025-11-11 20:14:34'),(55,49,127,1,1,NULL,'2025-11-11 21:02:32','2025-11-11 21:02:32'),(56,50,129,1,1,NULL,'2025-11-11 21:09:52','2025-11-11 21:09:52'),(57,51,131,1,1,NULL,'2025-11-11 21:14:23','2025-11-11 21:14:23'),(58,52,133,1,1,NULL,'2025-11-11 21:17:43','2025-11-11 21:17:43'),(59,53,135,1,1,NULL,'2025-11-11 21:18:56','2025-11-11 21:18:56'),(60,54,137,1,1,NULL,'2025-11-11 21:19:51','2025-11-11 21:19:51'),(61,55,139,1,1,NULL,'2025-11-11 21:21:01','2025-11-11 21:21:01'),(62,56,141,1,1,NULL,'2025-11-11 21:28:20','2025-11-11 21:28:20'),(63,57,143,1,1,NULL,'2025-11-11 21:31:34','2025-11-11 21:31:34'),(64,58,145,1,1,NULL,'2025-11-11 21:35:19','2025-11-11 21:35:19'),(65,59,147,1,1,NULL,'2025-11-11 21:46:38','2025-11-11 21:46:38'),(66,60,159,4,1,NULL,'2025-11-13 22:53:57','2025-11-13 22:53:57'),(67,61,165,2,1,'TR','2025-12-02 02:47:19','2025-12-02 02:47:19');
/*!40000 ALTER TABLE `exchangeitems` ENABLE KEYS */;
UNLOCK TABLES;

--
-- Table structure for table `exchanges`
--

DROP TABLE IF EXISTS `exchanges`;
/*!40101 SET @saved_cs_client     = @@character_set_client */;
/*!50503 SET character_set_client = utf8mb4 */;
CREATE TABLE `exchanges` (
  `id` int unsigned NOT NULL AUTO_INCREMENT,
  `orderId` int unsigned NOT NULL,
  `clientId` int unsigned NOT NULL,
  `status` varchar(20) NOT NULL DEFAULT 'PENDENTE',
  `motivo` text NOT NULL,
  `observacoes` text,
  `couponGenerated` varchar(50) DEFAULT NULL,
  `createdAt` datetime NOT NULL,
  `updatedAt` datetime NOT NULL,
  PRIMARY KEY (`id`),
  KEY `orderId` (`orderId`),
  CONSTRAINT `exchanges_ibfk_1` FOREIGN KEY (`orderId`) REFERENCES `orders` (`id`) ON UPDATE CASCADE
) ENGINE=InnoDB AUTO_INCREMENT=62 DEFAULT CHARSET=utf8mb4 COLLATE=utf8mb4_0900_ai_ci;
/*!40101 SET character_set_client = @saved_cs_client */;

--
-- Dumping data for table `exchanges`
--

LOCK TABLES `exchanges` WRITE;
/*!40000 ALTER TABLE `exchanges` DISABLE KEYS */;
INSERT INTO `exchanges` VALUES (30,46,6,'CONCLUIDA','TR',NULL,'TROCA30-MHTQOWK0','2025-11-10 22:52:25','2025-11-10 22:54:20'),(31,48,6,'CONCLUIDA','TROCA',NULL,'TROCA31-MHTQYA9D','2025-11-10 23:01:18','2025-11-10 23:01:38'),(32,49,6,'CONCLUIDA','TR',NULL,'TROCA32-MHTRB7XY','2025-11-10 23:11:26','2025-11-10 23:11:42'),(33,82,6,'PENDENTE','Produto com defeito',NULL,NULL,'2025-11-11 19:09:19','2025-11-11 19:09:19'),(34,81,6,'PENDENTE','TROCA',NULL,NULL,'2025-11-11 19:10:09','2025-11-11 19:10:09'),(35,85,6,'PENDENTE','Produto com defeito',NULL,NULL,'2025-11-11 19:13:26','2025-11-11 19:13:26'),(36,86,6,'CONCLUIDA','Produto com defeito',NULL,'TROCA36-MHUYAPH3','2025-11-11 19:14:58','2025-11-11 19:15:01'),(37,87,6,'CONCLUIDA','Produto com defeito',NULL,'TROCA37-MHUYJ2GA','2025-11-11 19:21:28','2025-11-11 19:21:31'),(38,88,6,'CONCLUIDA','Produto com defeito',NULL,'TROCA38-MHUYKQDD','2025-11-11 19:22:46','2025-11-11 19:22:49'),(39,89,6,'CONCLUIDA','Produto com defeito',NULL,'TROCA39-MHUYMGX4','2025-11-11 19:24:07','2025-11-11 19:24:10'),(40,91,6,'PENDENTE','Produto com defeito',NULL,NULL,'2025-11-11 19:33:57','2025-11-11 19:33:57'),(41,92,6,'CONCLUIDA','Produto com defeito',NULL,'TROCA41-MHUZ00WE','2025-11-11 19:34:39','2025-11-11 19:34:42'),(42,94,6,'CONCLUIDA','Produto com defeito',NULL,'TROCA42-MHUZ6AJV','2025-11-11 19:39:32','2025-11-11 19:39:35'),(43,96,6,'CONCLUIDA','Produto com defeito',NULL,'TROCA43-MHUZQ1WJ','2025-11-11 19:54:54','2025-11-11 19:54:57'),(44,98,6,'CONCLUIDA','Produto com defeito',NULL,'TROCA44-MHV0249D','2025-11-11 20:04:16','2025-11-11 20:04:20'),(45,100,6,'CONCLUIDA','Produto com defeito',NULL,'TROCA45-MHV0AKPK','2025-11-11 20:10:51','2025-11-11 20:10:54'),(46,101,6,'CONCLUIDA','Produto com defeito',NULL,'TROCA46-MHV0CM3M','2025-11-11 20:12:26','2025-11-11 20:12:29'),(47,102,6,'CONCLUIDA','Produto com defeito',NULL,'TROCA47-MHV0EAJG','2025-11-11 20:13:44','2025-11-11 20:13:48'),(48,103,6,'CONCLUIDA','Produto com defeito',NULL,'TROCA48-MHV0FCIF','2025-11-11 20:14:34','2025-11-11 20:14:37'),(49,105,6,'CONCLUIDA','Produto com defeito',NULL,'TROCA49-MHV2516O','2025-11-11 21:02:32','2025-11-11 21:02:35'),(50,107,6,'CONCLUIDA','Produto com defeito',NULL,'TROCA50-MHV2EGP2','2025-11-11 21:09:52','2025-11-11 21:09:55'),(51,109,6,'CONCLUIDA','Produto com defeito',NULL,'TROCA51-MHV2KA23','2025-11-11 21:14:23','2025-11-11 21:14:26'),(52,111,6,'CONCLUIDA','Produto com defeito',NULL,'TROCA52-MHV2OKAC','2025-11-11 21:17:43','2025-11-11 21:17:46'),(53,113,6,'CONCLUIDA','Produto com defeito',NULL,'TROCA53-MHV2Q4I3','2025-11-11 21:18:56','2025-11-11 21:18:59'),(54,115,6,'CONCLUIDA','Produto com defeito',NULL,'TROCA54-MHV2RBAP','2025-11-11 21:19:51','2025-11-11 21:19:54'),(55,117,6,'CONCLUIDA','Produto com defeito',NULL,'TROCA55-MHV2SSXU','2025-11-11 21:21:01','2025-11-11 21:21:04'),(56,119,6,'CONCLUIDA','Produto com defeito',NULL,'TROCA56-MHV32UU0','2025-11-11 21:28:20','2025-11-11 21:28:53'),(57,121,6,'CONCLUIDA','Produto com defeito',NULL,'TROCA57-MHV36PI1','2025-11-11 21:31:34','2025-11-11 21:31:53'),(58,123,6,'CONCLUIDA','Produto com defeito',NULL,'TROCA58-MHV3BHO0','2025-11-11 21:35:19','2025-11-11 21:35:36'),(59,125,6,'CONCLUIDA','Produto com defeito',NULL,'TROCA59-MHV3PXVV','2025-11-11 21:46:38','2025-11-11 21:46:50'),(60,137,6,'CONCLUIDA','tr',NULL,'TROCA60-MHY10CQX','2025-11-13 22:53:57','2025-11-13 22:54:15'),(61,143,6,'CONCLUIDA','TR','TR','TROCA61-MINZ9PFS','2025-12-02 02:47:19','2025-12-02 02:47:33');
/*!40000 ALTER TABLE `exchanges` ENABLE KEYS */;
UNLOCK TABLES;

--
-- Table structure for table `feedbacks`
--

DROP TABLE IF EXISTS `feedbacks`;
/*!40101 SET @saved_cs_client     = @@character_set_client */;
/*!50503 SET character_set_client = utf8mb4 */;
CREATE TABLE `feedbacks` (
  `id` int unsigned NOT NULL AUTO_INCREMENT,
  `clientId` int unsigned NOT NULL,
  `productId` int unsigned NOT NULL,
  `liked` tinyint(1) NOT NULL,
  `createdAt` datetime NOT NULL DEFAULT CURRENT_TIMESTAMP,
  `updatedAt` datetime NOT NULL DEFAULT CURRENT_TIMESTAMP ON UPDATE CURRENT_TIMESTAMP,
  PRIMARY KEY (`id`),
  UNIQUE KEY `unique_client_product` (`clientId`,`productId`),
  UNIQUE KEY `feedbacks_client_id_product_id` (`clientId`,`productId`),
  KEY `idx_clientId` (`clientId`),
  KEY `idx_productId` (`productId`)
) ENGINE=InnoDB DEFAULT CHARSET=utf8mb4 COLLATE=utf8mb4_0900_ai_ci;
/*!40101 SET character_set_client = @saved_cs_client */;

--
-- Dumping data for table `feedbacks`
--

LOCK TABLES `feedbacks` WRITE;
/*!40000 ALTER TABLE `feedbacks` DISABLE KEYS */;
/*!40000 ALTER TABLE `feedbacks` ENABLE KEYS */;
UNLOCK TABLES;

--
-- Table structure for table `notifications`
--

DROP TABLE IF EXISTS `notifications`;
/*!40101 SET @saved_cs_client     = @@character_set_client */;
/*!50503 SET character_set_client = utf8mb4 */;
CREATE TABLE `notifications` (
  `id` int unsigned NOT NULL AUTO_INCREMENT,
  `titulo` varchar(200) NOT NULL,
  `mensagem` text NOT NULL,
  `tipo` enum('INFO','ALERTA','PROMOCAO','SISTEMA') NOT NULL DEFAULT 'INFO',
  `clientId` int unsigned DEFAULT NULL COMMENT 'null = notificação global para todos os clientes',
  `lida` tinyint(1) NOT NULL DEFAULT '0',
  `createdAt` datetime NOT NULL,
  `updatedAt` datetime NOT NULL,
  PRIMARY KEY (`id`)
) ENGINE=InnoDB AUTO_INCREMENT=2 DEFAULT CHARSET=utf8mb4 COLLATE=utf8mb4_0900_ai_ci;
/*!40101 SET character_set_client = @saved_cs_client */;

--
-- Dumping data for table `notifications`
--

LOCK TABLES `notifications` WRITE;
/*!40000 ALTER TABLE `notifications` DISABLE KEYS */;
INSERT INTO `notifications` VALUES (1,'Nova promo!','Promo TOP!!!','PROMOCAO',NULL,1,'2025-11-16 12:41:06','2025-11-16 12:44:18');
/*!40000 ALTER TABLE `notifications` ENABLE KEYS */;
UNLOCK TABLES;

--
-- Table structure for table `orderitems`
--

DROP TABLE IF EXISTS `orderitems`;
/*!40101 SET @saved_cs_client     = @@character_set_client */;
/*!50503 SET character_set_client = utf8mb4 */;
CREATE TABLE `orderitems` (
  `id` int unsigned NOT NULL AUTO_INCREMENT,
  `orderId` int unsigned NOT NULL,
  `productId` int unsigned NOT NULL,
  `titulo` varchar(150) NOT NULL,
  `quantidade` int unsigned NOT NULL,
  `valorUnitario` decimal(10,2) NOT NULL,
  `subtotal` decimal(10,2) NOT NULL,
  `createdAt` datetime NOT NULL,
  `updatedAt` datetime NOT NULL,
  PRIMARY KEY (`id`),
  KEY `fk_orderitems_order` (`orderId`),
  KEY `fk_orderitems_product` (`productId`),
  CONSTRAINT `fk_orderitems_order` FOREIGN KEY (`orderId`) REFERENCES `orders` (`id`) ON DELETE CASCADE ON UPDATE CASCADE,
  CONSTRAINT `fk_orderitems_product` FOREIGN KEY (`productId`) REFERENCES `products` (`id`) ON DELETE RESTRICT ON UPDATE CASCADE
) ENGINE=InnoDB AUTO_INCREMENT=166 DEFAULT CHARSET=utf8mb4 COLLATE=utf8mb4_0900_ai_ci;
/*!40101 SET character_set_client = @saved_cs_client */;

--
-- Dumping data for table `orderitems`
--

LOCK TABLES `orderitems` WRITE;
/*!40000 ALTER TABLE `orderitems` DISABLE KEYS */;
INSERT INTO `orderitems` VALUES (62,46,3,'VC',1,60.00,60.00,'2025-11-10 22:50:55','2025-11-10 22:50:55'),(63,46,2,'CD 02',1,100.00,100.00,'2025-11-10 22:50:55','2025-11-10 22:50:55'),(64,47,3,'VC',2,60.00,120.00,'2025-11-10 22:59:25','2025-11-10 22:59:25'),(65,47,2,'CD 02',1,100.00,100.00,'2025-11-10 22:59:25','2025-11-10 22:59:25'),(66,48,2,'CD 02',1,100.00,100.00,'2025-11-10 23:00:40','2025-11-10 23:00:40'),(67,48,3,'VC',2,60.00,120.00,'2025-11-10 23:00:40','2025-11-10 23:00:40'),(68,49,2,'CD 02',1,100.00,100.00,'2025-11-10 23:10:38','2025-11-10 23:10:38'),(69,49,3,'VC',1,60.00,60.00,'2025-11-10 23:10:38','2025-11-10 23:10:38'),(70,50,3,'VC',1,60.00,60.00,'2025-11-10 23:16:33','2025-11-10 23:16:33'),(71,50,2,'CD 02',1,100.00,100.00,'2025-11-10 23:16:33','2025-11-10 23:16:33'),(72,51,1,'CD 01',1,40.00,40.00,'2025-11-11 00:57:35','2025-11-11 00:57:35'),(73,51,3,'VC',1,60.00,60.00,'2025-11-11 00:57:35','2025-11-11 00:57:35'),(74,52,1,'CD 01',1,40.00,40.00,'2025-11-11 14:56:09','2025-11-11 14:56:09'),(75,53,1,'CD 01',1,40.00,40.00,'2025-11-11 15:06:41','2025-11-11 15:06:41'),(76,54,1,'CD 01',1,40.00,40.00,'2025-11-11 15:15:12','2025-11-11 15:15:12'),(77,55,1,'CD 01',1,40.00,40.00,'2025-11-11 15:39:21','2025-11-11 15:39:21'),(78,56,1,'CD 01',1,40.00,40.00,'2025-11-11 15:46:36','2025-11-11 15:46:36'),(79,57,1,'CD 01',1,40.00,40.00,'2025-11-11 15:54:28','2025-11-11 15:54:28'),(80,58,1,'CD 01',1,40.00,40.00,'2025-11-11 15:58:20','2025-11-11 15:58:20'),(81,59,1,'CD 01',1,40.00,40.00,'2025-11-11 15:59:36','2025-11-11 15:59:36'),(82,60,1,'CD 01',1,40.00,40.00,'2025-11-11 16:00:49','2025-11-11 16:00:49'),(83,61,1,'CD 01',1,40.00,40.00,'2025-11-11 16:04:12','2025-11-11 16:04:12'),(84,62,1,'CD 01',1,40.00,40.00,'2025-11-11 16:04:43','2025-11-11 16:04:43'),(85,63,1,'CD 01',1,40.00,40.00,'2025-11-11 16:06:21','2025-11-11 16:06:21'),(86,64,1,'CD 01',1,40.00,40.00,'2025-11-11 16:07:21','2025-11-11 16:07:21'),(87,65,1,'CD 01',1,40.00,40.00,'2025-11-11 16:56:33','2025-11-11 16:56:33'),(88,66,1,'CD 01',1,40.00,40.00,'2025-11-11 16:59:53','2025-11-11 16:59:53'),(89,67,1,'CD 01',1,40.00,40.00,'2025-11-11 17:00:22','2025-11-11 17:00:22'),(90,68,1,'CD 01',1,40.00,40.00,'2025-11-11 17:41:18','2025-11-11 17:41:18'),(91,69,1,'CD 01',1,40.00,40.00,'2025-11-11 17:46:04','2025-11-11 17:46:04'),(92,70,1,'CD 01',1,40.00,40.00,'2025-11-11 18:16:03','2025-11-11 18:16:03'),(93,71,1,'CD 01',1,40.00,40.00,'2025-11-11 18:22:48','2025-11-11 18:22:48'),(94,72,1,'CD 01',1,40.00,40.00,'2025-11-11 18:25:42','2025-11-11 18:25:42'),(95,73,1,'CD 01',1,40.00,40.00,'2025-11-11 18:31:10','2025-11-11 18:31:10'),(96,74,1,'CD 01',1,40.00,40.00,'2025-11-11 18:31:52','2025-11-11 18:31:52'),(97,75,1,'CD 01',1,40.00,40.00,'2025-11-11 18:36:59','2025-11-11 18:36:59'),(98,76,1,'CD 01',1,40.00,40.00,'2025-11-11 18:42:44','2025-11-11 18:42:44'),(99,77,1,'CD 01',1,40.00,40.00,'2025-11-11 18:44:02','2025-11-11 18:44:02'),(100,78,1,'CD 01',1,40.00,40.00,'2025-11-11 18:46:41','2025-11-11 18:46:41'),(101,79,1,'CD 01',1,40.00,40.00,'2025-11-11 18:56:17','2025-11-11 18:56:17'),(102,80,1,'CD 01',1,40.00,40.00,'2025-11-11 19:00:59','2025-11-11 19:00:59'),(103,81,1,'CD 01',1,40.00,40.00,'2025-11-11 19:03:11','2025-11-11 19:03:11'),(104,82,1,'CD 01',1,40.00,40.00,'2025-11-11 19:09:03','2025-11-11 19:09:03'),(105,83,1,'CD 01',1,40.00,40.00,'2025-11-11 19:11:54','2025-11-11 19:11:54'),(106,84,1,'CD 01',1,40.00,40.00,'2025-11-11 19:12:36','2025-11-11 19:12:36'),(107,85,1,'CD 01',1,40.00,40.00,'2025-11-11 19:13:20','2025-11-11 19:13:20'),(108,86,1,'CD 01',1,40.00,40.00,'2025-11-11 19:14:52','2025-11-11 19:14:52'),(109,87,1,'CD 01',1,40.00,40.00,'2025-11-11 19:21:22','2025-11-11 19:21:22'),(110,88,1,'CD 01',1,40.00,40.00,'2025-11-11 19:22:40','2025-11-11 19:22:40'),(111,89,1,'CD 01',1,40.00,40.00,'2025-11-11 19:24:01','2025-11-11 19:24:01'),(112,90,1,'CD 01',1,40.00,40.00,'2025-11-11 19:24:15','2025-11-11 19:24:15'),(113,91,1,'CD 01',1,40.00,40.00,'2025-11-11 19:33:51','2025-11-11 19:33:51'),(114,92,1,'CD 01',1,40.00,40.00,'2025-11-11 19:34:33','2025-11-11 19:34:33'),(115,93,1,'CD 01',1,40.00,40.00,'2025-11-11 19:34:48','2025-11-11 19:34:48'),(116,94,1,'CD 01',1,40.00,40.00,'2025-11-11 19:39:26','2025-11-11 19:39:26'),(117,95,1,'CD 01',1,40.00,40.00,'2025-11-11 19:39:41','2025-11-11 19:39:41'),(118,96,1,'CD 01',1,40.00,40.00,'2025-11-11 19:54:47','2025-11-11 19:54:47'),(119,97,1,'CD 01',1,40.00,40.00,'2025-11-11 19:55:02','2025-11-11 19:55:02'),(120,98,1,'CD 01',1,40.00,40.00,'2025-11-11 20:04:10','2025-11-11 20:04:10'),(121,99,1,'CD 01',1,40.00,40.00,'2025-11-11 20:04:27','2025-11-11 20:04:27'),(122,100,1,'CD 01',1,40.00,40.00,'2025-11-11 20:10:45','2025-11-11 20:10:45'),(123,101,1,'CD 01',1,40.00,40.00,'2025-11-11 20:12:20','2025-11-11 20:12:20'),(124,102,1,'CD 01',1,40.00,40.00,'2025-11-11 20:13:38','2025-11-11 20:13:38'),(125,103,1,'CD 01',1,40.00,40.00,'2025-11-11 20:14:28','2025-11-11 20:14:28'),(126,104,1,'CD 01',1,40.00,40.00,'2025-11-11 20:14:42','2025-11-11 20:14:42'),(127,105,1,'CD 01',1,40.00,40.00,'2025-11-11 21:02:25','2025-11-11 21:02:25'),(128,106,1,'CD 01',1,40.00,40.00,'2025-11-11 21:02:40','2025-11-11 21:02:40'),(129,107,1,'CD 01',1,40.00,40.00,'2025-11-11 21:09:46','2025-11-11 21:09:46'),(130,108,1,'CD 01',1,40.00,40.00,'2025-11-11 21:10:00','2025-11-11 21:10:00'),(131,109,1,'CD 01',1,40.00,40.00,'2025-11-11 21:14:17','2025-11-11 21:14:17'),(132,110,1,'CD 01',1,40.00,40.00,'2025-11-11 21:14:35','2025-11-11 21:14:35'),(133,111,1,'CD 01',1,40.00,40.00,'2025-11-11 21:17:37','2025-11-11 21:17:37'),(134,112,1,'CD 01',1,40.00,40.00,'2025-11-11 21:17:55','2025-11-11 21:17:55'),(135,113,1,'CD 01',1,40.00,40.00,'2025-11-11 21:18:50','2025-11-11 21:18:50'),(136,114,1,'CD 01',1,40.00,40.00,'2025-11-11 21:19:07','2025-11-11 21:19:07'),(137,115,1,'CD 01',1,40.00,40.00,'2025-11-11 21:19:45','2025-11-11 21:19:45'),(138,116,1,'CD 01',1,40.00,40.00,'2025-11-11 21:20:03','2025-11-11 21:20:03'),(139,117,1,'CD 01',1,40.00,40.00,'2025-11-11 21:20:55','2025-11-11 21:20:55'),(140,118,1,'CD 01',1,40.00,40.00,'2025-11-11 21:21:13','2025-11-11 21:21:13'),(141,119,1,'CD 01',1,40.00,40.00,'2025-11-11 21:27:09','2025-11-11 21:27:09'),(142,120,1,'CD 01',1,40.00,40.00,'2025-11-11 21:29:57','2025-11-11 21:29:57'),(143,121,1,'CD 01',1,40.00,40.00,'2025-11-11 21:30:55','2025-11-11 21:30:55'),(144,122,1,'CD 01',1,40.00,40.00,'2025-11-11 21:32:29','2025-11-11 21:32:29'),(145,123,1,'CD 01',1,40.00,40.00,'2025-11-11 21:34:40','2025-11-11 21:34:40'),(146,124,1,'CD 01',1,40.00,40.00,'2025-11-11 21:36:04','2025-11-11 21:36:04'),(147,125,1,'CD 01',1,40.00,40.00,'2025-11-11 21:46:13','2025-11-11 21:46:13'),(148,126,1,'CD 01',1,40.00,40.00,'2025-11-11 21:47:09','2025-11-11 21:47:09'),(149,127,1,'CD 01',1,40.00,40.00,'2025-11-13 13:43:10','2025-11-13 13:43:10'),(150,128,1,'CD 01',1,40.00,40.00,'2025-11-13 13:47:40','2025-11-13 13:47:40'),(151,129,1,'CD 01',1,40.00,40.00,'2025-11-13 13:47:57','2025-11-13 13:47:57'),(152,130,1,'CD 01',8,40.00,320.00,'2025-11-13 13:48:29','2025-11-13 13:48:29'),(153,131,1,'CD 01',2,40.00,80.00,'2025-11-13 13:53:30','2025-11-13 13:53:30'),(154,132,1,'CD 01',2,40.00,80.00,'2025-11-13 14:01:14','2025-11-13 14:01:14'),(155,133,2,'CD 02',1,100.00,100.00,'2025-11-13 14:14:37','2025-11-13 14:14:37'),(156,134,2,'CD 02',1,100.00,100.00,'2025-11-13 14:14:57','2025-11-13 14:14:57'),(157,135,3,'VC',1,60.00,60.00,'2025-11-13 14:17:01','2025-11-13 14:17:01'),(158,136,3,'VC',1,60.00,60.00,'2025-11-13 14:17:14','2025-11-13 14:17:14'),(159,137,4,'Felipe',1,20.00,20.00,'2025-11-13 22:43:56','2025-11-13 22:43:56'),(160,138,4,'Felipe',1,20.00,20.00,'2025-11-14 00:07:29','2025-11-14 00:07:29'),(161,139,1,'CD 01',1,25.00,25.00,'2025-12-01 23:26:42','2025-12-01 23:26:42'),(162,140,1,'CD 01',1,25.00,25.00,'2025-12-01 23:33:37','2025-12-01 23:33:37'),(163,141,2,'CD 02',1,100.00,100.00,'2025-12-01 23:39:20','2025-12-01 23:39:20'),(164,142,2,'CD 02',1,100.00,100.00,'2025-12-01 23:44:40','2025-12-01 23:44:40'),(165,143,2,'CD 02',1,100.00,100.00,'2025-12-02 02:39:20','2025-12-02 02:39:20');
/*!40000 ALTER TABLE `orderitems` ENABLE KEYS */;
UNLOCK TABLES;

--
-- Table structure for table `orders`
--

DROP TABLE IF EXISTS `orders`;
/*!40101 SET @saved_cs_client     = @@character_set_client */;
/*!50503 SET character_set_client = utf8mb4 */;
CREATE TABLE `orders` (
  `id` int unsigned NOT NULL AUTO_INCREMENT,
  `clientId` int unsigned NOT NULL,
  `total` decimal(10,2) NOT NULL,
  `desconto` decimal(10,2) DEFAULT '0.00',
  `cupom` varchar(50) DEFAULT NULL,
  `status` varchar(20) NOT NULL DEFAULT 'EM ABERTO',
  `paymentStatus` varchar(20) NOT NULL DEFAULT 'PENDENTE',
  `createdAt` datetime NOT NULL,
  `updatedAt` datetime NOT NULL,
  PRIMARY KEY (`id`),
  KEY `fk_orders_user` (`clientId`),
  CONSTRAINT `fk_orders_user` FOREIGN KEY (`clientId`) REFERENCES `users` (`id`) ON DELETE RESTRICT ON UPDATE CASCADE
) ENGINE=InnoDB AUTO_INCREMENT=144 DEFAULT CHARSET=utf8mb4 COLLATE=utf8mb4_0900_ai_ci;
/*!40101 SET character_set_client = @saved_cs_client */;

--
-- Dumping data for table `orders`
--

LOCK TABLES `orders` WRITE;
/*!40000 ALTER TABLE `orders` DISABLE KEYS */;
INSERT INTO `orders` VALUES (47,6,154.00,66.00,'COMPRA1','ENTREGUE','APROVADO','2025-11-10 22:59:25','2025-11-11 16:56:36'),(48,6,154.00,66.00,'COMPRA1','DEVOLVIDO','APROVADO','2025-11-10 23:00:40','2025-11-10 23:01:38'),(49,6,112.00,48.00,'COMPRA1','DEVOLVIDO','APROVADO','2025-11-10 23:10:38','2025-11-10 23:11:42'),(50,6,0.00,48.00,'TROCA32-MHTRB7XY','EM TRANSPORTE','APROVADO','2025-11-10 23:16:33','2025-11-11 00:57:07'),(51,6,100.00,0.00,NULL,'CANCELADO','ESTORNADO','2025-11-11 00:57:35','2025-11-11 15:58:59'),(52,6,28.00,12.00,'COMPRA1','CANCELADO','PENDENTE','2025-11-11 14:56:09','2025-11-11 15:59:00'),(53,6,28.00,12.00,'COMPRA1','CANCELADO','PENDENTE','2025-11-11 15:06:41','2025-11-11 15:58:56'),(54,6,28.00,12.00,'COMPRA1','CANCELADO','PENDENTE','2025-11-11 15:15:12','2025-11-11 15:58:56'),(55,6,28.00,12.00,'COMPRA1','CANCELADO','PENDENTE','2025-11-11 15:39:21','2025-11-11 15:58:54'),(56,6,28.00,12.00,'COMPRA1','CANCELADO','PENDENTE','2025-11-11 15:46:36','2025-11-11 15:58:53'),(57,6,28.00,12.00,'COMPRA1','CANCELADO','PENDENTE','2025-11-11 15:54:28','2025-11-11 15:58:53'),(58,6,28.00,12.00,'COMPRA1','CANCELADO','PENDENTE','2025-11-11 15:58:20','2025-11-11 15:58:52'),(59,6,28.00,12.00,'COMPRA1','EM PROCESSAMENTO','PENDENTE','2025-11-11 15:59:36','2025-11-11 15:59:36'),(60,6,28.00,12.00,'COMPRA1','EM PROCESSAMENTO','PENDENTE','2025-11-11 16:00:49','2025-11-11 16:00:49'),(61,6,28.00,12.00,'COMPRA1','EM PROCESSAMENTO','PENDENTE','2025-11-11 16:04:12','2025-11-11 16:04:12'),(62,6,28.00,12.00,'COMPRA1','EM PROCESSAMENTO','PENDENTE','2025-11-11 16:04:43','2025-11-11 16:04:43'),(63,6,28.00,12.00,'COMPRA1','EM PROCESSAMENTO','PENDENTE','2025-11-11 16:06:21','2025-11-11 16:06:21'),(64,6,28.00,12.00,'COMPRA1','EM PROCESSAMENTO','PENDENTE','2025-11-11 16:07:21','2025-11-11 16:07:21'),(65,6,28.00,12.00,'COMPRA1','EM PROCESSAMENTO','PENDENTE','2025-11-11 16:56:33','2025-11-11 16:56:33'),(66,6,28.00,12.00,'COMPRA1','EM PROCESSAMENTO','PENDENTE','2025-11-11 16:59:53','2025-11-11 16:59:53'),(67,6,28.00,12.00,'COMPRA1','EM PROCESSAMENTO','PENDENTE','2025-11-11 17:00:22','2025-11-11 17:00:22'),(68,6,28.00,12.00,'COMPRA1','EM PROCESSAMENTO','PENDENTE','2025-11-11 17:41:18','2025-11-11 17:41:18'),(69,6,28.00,12.00,'COMPRA1','EM PROCESSAMENTO','PENDENTE','2025-11-11 17:46:04','2025-11-11 17:46:04'),(70,6,28.00,12.00,'COMPRA1','EM PROCESSAMENTO','PENDENTE','2025-11-11 18:16:03','2025-11-11 18:16:03'),(71,6,28.00,12.00,'COMPRA1','EM PROCESSAMENTO','PENDENTE','2025-11-11 18:22:48','2025-11-11 18:22:48'),(72,6,28.00,12.00,'COMPRA1','EM PROCESSAMENTO','PENDENTE','2025-11-11 18:25:42','2025-11-11 18:25:42'),(73,6,28.00,12.00,'COMPRA1','EM PROCESSAMENTO','PENDENTE','2025-11-11 18:31:10','2025-11-11 18:31:10'),(74,6,28.00,12.00,'COMPRA1','EM PROCESSAMENTO','PENDENTE','2025-11-11 18:31:52','2025-11-11 18:31:52'),(75,6,28.00,12.00,'COMPRA1','EM PROCESSAMENTO','PENDENTE','2025-11-11 18:36:59','2025-11-11 18:36:59'),(76,6,28.00,12.00,'COMPRA1','EM PROCESSAMENTO','PENDENTE','2025-11-11 18:42:44','2025-11-11 18:42:44'),(77,6,28.00,12.00,'COMPRA1','EM PROCESSAMENTO','PENDENTE','2025-11-11 18:44:02','2025-11-11 18:44:02'),(78,6,28.00,12.00,'COMPRA1','EM TRANSPORTE','APROVADO','2025-11-11 18:46:41','2025-11-11 18:46:43'),(79,6,28.00,12.00,'COMPRA1','EM TRANSPORTE','APROVADO','2025-11-11 18:56:17','2025-11-11 18:56:20'),(80,6,28.00,12.00,'COMPRA1','ENTREGUE','APROVADO','2025-11-11 19:00:59','2025-11-11 19:01:04'),(81,6,28.00,12.00,'COMPRA1','ENTREGUE','APROVADO','2025-11-11 19:03:11','2025-11-11 19:03:16'),(82,6,28.00,12.00,'COMPRA1','ENTREGUE','APROVADO','2025-11-11 19:09:03','2025-11-11 19:09:08'),(83,6,28.00,12.00,'COMPRA1','ENTREGUE','APROVADO','2025-11-11 19:11:54','2025-11-11 19:11:59'),(84,6,28.00,12.00,'COMPRA1','ENTREGUE','APROVADO','2025-11-11 19:12:36','2025-11-11 19:12:41'),(85,6,28.00,12.00,'COMPRA1','ENTREGUE','APROVADO','2025-11-11 19:13:20','2025-11-11 19:13:25'),(86,6,28.00,12.00,'COMPRA1','DEVOLVIDO','APROVADO','2025-11-11 19:14:52','2025-11-11 19:15:01'),(87,6,28.00,12.00,'COMPRA1','DEVOLVIDO','APROVADO','2025-11-11 19:21:22','2025-11-11 19:21:31'),(88,6,28.00,12.00,'COMPRA1','DEVOLVIDO','APROVADO','2025-11-11 19:22:40','2025-11-11 19:22:49'),(89,6,28.00,12.00,'COMPRA1','DEVOLVIDO','APROVADO','2025-11-11 19:24:01','2025-11-11 19:24:10'),(90,6,0.00,12.00,'TROCA39-MHUYMGX4','EM PROCESSAMENTO','PENDENTE','2025-11-11 19:24:15','2025-11-11 19:24:15'),(91,6,28.00,12.00,'COMPRA1','ENTREGUE','APROVADO','2025-11-11 19:33:51','2025-11-11 19:33:56'),(92,6,28.00,12.00,'COMPRA1','DEVOLVIDO','APROVADO','2025-11-11 19:34:33','2025-11-11 19:34:42'),(93,6,0.00,12.00,'TROCA41-MHUZ00WE','EM PROCESSAMENTO','PENDENTE','2025-11-11 19:34:48','2025-11-11 19:34:48'),(94,6,28.00,12.00,'COMPRA1','DEVOLVIDO','APROVADO','2025-11-11 19:39:26','2025-11-11 19:39:35'),(95,6,0.00,12.00,'TROCA42-MHUZ6AJV','EM PROCESSAMENTO','PENDENTE','2025-11-11 19:39:41','2025-11-11 19:39:41'),(96,6,28.00,12.00,'COMPRA1','DEVOLVIDO','APROVADO','2025-11-11 19:54:47','2025-11-11 19:54:57'),(97,6,0.00,12.00,'TROCA43-MHUZQ1WJ','EM PROCESSAMENTO','PENDENTE','2025-11-11 19:55:02','2025-11-11 19:55:02'),(98,6,28.00,12.00,'COMPRA1','DEVOLVIDO','APROVADO','2025-11-11 20:04:10','2025-11-11 20:04:20'),(99,6,0.00,12.00,'TROCA44-MHV0249D','EM PROCESSAMENTO','PENDENTE','2025-11-11 20:04:27','2025-11-11 20:04:27'),(100,6,28.00,12.00,'COMPRA1','DEVOLVIDO','APROVADO','2025-11-11 20:10:45','2025-11-11 20:10:54'),(101,6,28.00,12.00,'COMPRA1','DEVOLVIDO','APROVADO','2025-11-11 20:12:20','2025-11-11 20:12:29'),(102,6,28.00,12.00,'COMPRA1','DEVOLVIDO','APROVADO','2025-11-11 20:13:38','2025-11-11 20:13:48'),(103,6,28.00,12.00,'COMPRA1','DEVOLVIDO','APROVADO','2025-11-11 20:14:28','2025-11-11 20:14:37'),(104,6,0.00,12.00,'TROCA48-MHV0FCIF','EM PROCESSAMENTO','PENDENTE','2025-11-11 20:14:42','2025-11-11 20:14:42'),(105,6,28.00,12.00,'COMPRA1','DEVOLVIDO','APROVADO','2025-11-11 21:02:25','2025-11-11 21:02:35'),(106,6,0.00,12.00,'TROCA49-MHV2516O','EM PROCESSAMENTO','PENDENTE','2025-11-11 21:02:40','2025-11-11 21:02:40'),(107,6,28.00,12.00,'COMPRA1','DEVOLVIDO','APROVADO','2025-11-11 21:09:46','2025-11-11 21:09:55'),(108,6,0.00,12.00,'TROCA50-MHV2EGP2','EM PROCESSAMENTO','PENDENTE','2025-11-11 21:10:00','2025-11-11 21:10:00'),(109,6,28.00,12.00,'COMPRA1','DEVOLVIDO','APROVADO','2025-11-11 21:14:17','2025-11-11 21:14:26'),(110,6,0.00,12.00,'TROCA51-MHV2KA23','EM PROCESSAMENTO','PENDENTE','2025-11-11 21:14:35','2025-11-11 21:14:35'),(111,6,28.00,12.00,'COMPRA1','DEVOLVIDO','APROVADO','2025-11-11 21:17:37','2025-11-11 21:17:46'),(112,6,0.00,12.00,'TROCA52-MHV2OKAC','EM PROCESSAMENTO','PENDENTE','2025-11-11 21:17:55','2025-11-11 21:17:55'),(113,6,28.00,12.00,'COMPRA1','DEVOLVIDO','APROVADO','2025-11-11 21:18:50','2025-11-11 21:18:59'),(114,6,0.00,12.00,'TROCA53-MHV2Q4I3','EM PROCESSAMENTO','PENDENTE','2025-11-11 21:19:07','2025-11-11 21:19:07'),(115,6,28.00,12.00,'COMPRA1','DEVOLVIDO','APROVADO','2025-11-11 21:19:45','2025-11-11 21:19:54'),(116,6,0.00,12.00,'TROCA54-MHV2RBAP','EM PROCESSAMENTO','PENDENTE','2025-11-11 21:20:03','2025-11-11 21:20:03'),(117,6,28.00,12.00,'COMPRA1','DEVOLVIDO','APROVADO','2025-11-11 21:20:55','2025-11-11 21:21:04'),(118,6,0.00,12.00,'TROCA55-MHV2SSXU','EM PROCESSAMENTO','PENDENTE','2025-11-11 21:21:13','2025-11-11 21:21:13'),(119,6,28.00,12.00,'COMPRA1','DEVOLVIDO','APROVADO','2025-11-11 21:27:09','2025-11-11 21:28:53'),(120,6,0.00,12.00,'TROCA56-MHV32UU0','EM PROCESSAMENTO','PENDENTE','2025-11-11 21:29:57','2025-11-11 21:29:57'),(121,6,28.00,12.00,'COMPRA1','DEVOLVIDO','APROVADO','2025-11-11 21:30:55','2025-11-11 21:31:53'),(122,6,0.00,12.00,'TROCA57-MHV36PI1','EM PROCESSAMENTO','PENDENTE','2025-11-11 21:32:29','2025-11-11 21:32:29'),(123,6,28.00,12.00,'COMPRA1','DEVOLVIDO','APROVADO','2025-11-11 21:34:40','2025-11-11 21:35:36'),(124,6,0.00,12.00,'TROCA58-MHV3BHO0','EM PROCESSAMENTO','PENDENTE','2025-11-11 21:36:04','2025-11-11 21:36:04'),(125,6,28.00,12.00,'COMPRA1','DEVOLVIDO','APROVADO','2025-11-11 21:46:13','2025-11-11 21:46:50'),(126,6,0.00,12.00,'TROCA59-MHV3PXVV','EM PROCESSAMENTO','PENDENTE','2025-11-11 21:47:09','2025-11-11 21:47:09'),(127,6,40.00,0.00,NULL,'ENTREGUE','APROVADO','2025-11-13 13:43:10','2025-11-13 13:46:42'),(128,6,40.00,0.00,NULL,'EM PROCESSAMENTO','PENDENTE','2025-11-13 13:47:40','2025-11-13 13:47:40'),(129,6,40.00,0.00,NULL,'EM PROCESSAMENTO','PENDENTE','2025-11-13 13:47:57','2025-11-13 13:47:57'),(130,6,224.00,96.00,'COMPRA1','CANCELADO','PENDENTE','2025-11-13 13:48:29','2025-11-13 13:49:50'),(131,6,80.00,0.00,NULL,'CANCELADO','PENDENTE','2025-11-13 13:53:30','2025-11-13 13:53:48'),(132,6,80.00,0.00,NULL,'EM PROCESSAMENTO','PENDENTE','2025-11-13 14:01:14','2025-11-13 14:01:14'),(133,6,100.00,0.00,NULL,'EM PROCESSAMENTO','PENDENTE','2025-11-13 14:14:37','2025-11-13 14:14:37'),(134,6,70.00,30.00,'COMPRA1','EM PROCESSAMENTO','PENDENTE','2025-11-13 14:14:57','2025-11-13 14:14:57'),(135,7,60.00,0.00,NULL,'EM PROCESSAMENTO','PENDENTE','2025-11-13 14:17:01','2025-11-13 14:17:01'),(136,7,60.00,0.00,NULL,'EM PROCESSAMENTO','PENDENTE','2025-11-13 14:17:14','2025-11-13 14:17:14'),(137,6,14.00,6.00,'COMPRA1','DEVOLVIDO','APROVADO','2025-11-13 22:43:56','2025-11-13 22:54:15'),(138,6,20.00,0.00,NULL,'EM PROCESSAMENTO','PENDENTE','2025-11-14 00:07:29','2025-11-14 00:07:29'),(139,6,17.50,7.50,'COMPRA1','EM TRANSPORTE','APROVADO','2025-12-01 23:26:42','2025-12-01 23:26:54'),(140,6,17.50,7.50,'COMPRA1','EM PROCESSAMENTO','PENDENTE','2025-12-01 23:33:37','2025-12-01 23:33:37'),(141,6,70.00,30.00,'COMPRA1','EM PROCESSAMENTO','PENDENTE','2025-12-01 23:39:20','2025-12-01 23:39:20'),(142,6,70.00,30.00,'COMPRA1','EM TRANSPORTE','APROVADO','2025-12-01 23:44:40','2025-12-01 23:44:52'),(143,6,100.00,0.00,NULL,'DEVOLVIDO','APROVADO','2025-12-02 02:39:20','2025-12-02 02:47:33');
/*!40000 ALTER TABLE `orders` ENABLE KEYS */;
UNLOCK TABLES;

--
-- Table structure for table `products`
--

DROP TABLE IF EXISTS `products`;
/*!40101 SET @saved_cs_client     = @@character_set_client */;
/*!50503 SET character_set_client = utf8mb4 */;
CREATE TABLE `products` (
  `id` int unsigned NOT NULL AUTO_INCREMENT,
  `titulo` varchar(150) NOT NULL,
  `artista` varchar(150) NOT NULL,
  `ano` int unsigned NOT NULL,
  `categoria` varchar(50) NOT NULL,
  `estoque` int unsigned NOT NULL DEFAULT '0',
  `valorCusto` decimal(10,2) NOT NULL,
  `valorVenda` decimal(10,2) NOT NULL,
  `ativo` tinyint(1) NOT NULL DEFAULT '1',
  `createdAt` datetime NOT NULL,
  `updatedAt` datetime NOT NULL,
  `codigoCatalogo` varchar(50) DEFAULT NULL,
  `motivoInativacao` text,
  `motivoAtivacao` text,
  `genero` varchar(50) DEFAULT NULL,
  `gravadora` varchar(150) DEFAULT NULL,
  `edicao` varchar(100) DEFAULT NULL,
  `codigoBarras` varchar(50) DEFAULT NULL,
  `numeroFaixas` int unsigned DEFAULT NULL,
  `duracao` varchar(20) DEFAULT NULL COMMENT 'Formato: MM:SS ou HH:MM:SS',
  `sinopse` text,
  `dimensoes` json DEFAULT NULL COMMENT 'JSON: {altura, largura, peso, profundidade}',
  `grupoPrecificacao` varchar(50) DEFAULT NULL,
  PRIMARY KEY (`id`),
  UNIQUE KEY `codigoCatalogo` (`codigoCatalogo`)
) ENGINE=InnoDB AUTO_INCREMENT=6 DEFAULT CHARSET=utf8mb4 COLLATE=utf8mb4_0900_ai_ci;
/*!40101 SET character_set_client = @saved_cs_client */;

--
-- Dumping data for table `products`
--

LOCK TABLES `products` WRITE;
/*!40000 ALTER TABLE `products` DISABLE KEYS */;
INSERT INTO `products` VALUES (1,'CD 01','MATUE',2000,'ROCK',0,15.00,25.00,0,'2025-11-01 21:08:50','2025-12-01 23:33:37','CD-1-1762042130','FORA DE MERCADO - Estoque zerado automaticamente',NULL,'','','','',NULL,'','',NULL,''),(2,'CD 02','DUALIPA',1965,'FORRÓ',4,3.00,100.00,1,'2025-11-01 21:09:29','2025-12-02 02:47:33','CD-2-1762042169',NULL,NULL,'','','','',NULL,'','',NULL,''),(3,'CD 03','LEHZIN',1990,'TRAP',3,5.00,60.00,1,'2025-11-01 21:41:58','2025-12-01 21:44:14','CD-3-1762044118',NULL,NULL,'','','','',NULL,'','',NULL,''),(4,'CD 04','Pretto',2000,'SERTANEJO',9,5.00,20.00,1,'2025-11-13 22:39:17','2025-12-01 21:44:21','CD-1763073557975-4',NULL,NULL,'','','','',NULL,'','',NULL,''),(5,'CD 05','Felipe',2000,'ELETRONICA',2,30.00,45.00,1,'2025-11-14 20:41:37','2025-12-01 21:44:29','CD-1763152897614-5',NULL,NULL,'','','','',NULL,'','',NULL,'');
/*!40000 ALTER TABLE `products` ENABLE KEYS */;
UNLOCK TABLES;

--
-- Table structure for table `returnitems`
--

DROP TABLE IF EXISTS `returnitems`;
/*!40101 SET @saved_cs_client     = @@character_set_client */;
/*!50503 SET character_set_client = utf8mb4 */;
CREATE TABLE `returnitems` (
  `id` int unsigned NOT NULL AUTO_INCREMENT,
  `returnId` int unsigned NOT NULL,
  `orderItemId` int unsigned NOT NULL,
  `productId` int unsigned NOT NULL,
  `quantidade` int unsigned NOT NULL,
  `motivo` text,
  `createdAt` datetime NOT NULL,
  `updatedAt` datetime NOT NULL,
  PRIMARY KEY (`id`),
  KEY `returnId` (`returnId`),
  KEY `orderItemId` (`orderItemId`),
  CONSTRAINT `returnitems_ibfk_1` FOREIGN KEY (`returnId`) REFERENCES `returns` (`id`) ON DELETE CASCADE ON UPDATE CASCADE,
  CONSTRAINT `returnitems_ibfk_2` FOREIGN KEY (`orderItemId`) REFERENCES `orderitems` (`id`) ON UPDATE CASCADE
) ENGINE=InnoDB AUTO_INCREMENT=6 DEFAULT CHARSET=utf8mb4 COLLATE=utf8mb4_0900_ai_ci;
/*!40101 SET character_set_client = @saved_cs_client */;

--
-- Dumping data for table `returnitems`
--

LOCK TABLES `returnitems` WRITE;
/*!40000 ALTER TABLE `returnitems` DISABLE KEYS */;
INSERT INTO `returnitems` VALUES (1,1,19,3,1,NULL,'2025-11-03 20:52:33','2025-11-03 20:52:33'),(2,2,27,1,1,NULL,'2025-11-05 22:31:19','2025-11-05 22:31:19'),(3,3,33,2,1,NULL,'2025-11-08 19:21:18','2025-11-08 19:21:18'),(4,4,35,1,1,'DESINTERESSE','2025-11-08 19:40:27','2025-11-08 19:40:27'),(5,5,36,1,1,'DEV','2025-11-08 19:43:57','2025-11-08 19:43:57');
/*!40000 ALTER TABLE `returnitems` ENABLE KEYS */;
UNLOCK TABLES;

--
-- Table structure for table `returns`
--

DROP TABLE IF EXISTS `returns`;
/*!40101 SET @saved_cs_client     = @@character_set_client */;
/*!50503 SET character_set_client = utf8mb4 */;
CREATE TABLE `returns` (
  `id` int unsigned NOT NULL AUTO_INCREMENT,
  `orderId` int unsigned NOT NULL,
  `clientId` int unsigned NOT NULL,
  `status` varchar(20) NOT NULL DEFAULT 'PENDENTE',
  `motivo` text NOT NULL,
  `observacoes` text,
  `receivedAt` datetime DEFAULT NULL,
  `createdAt` datetime NOT NULL,
  `updatedAt` datetime NOT NULL,
  PRIMARY KEY (`id`),
  KEY `orderId` (`orderId`),
  CONSTRAINT `returns_ibfk_1` FOREIGN KEY (`orderId`) REFERENCES `orders` (`id`) ON UPDATE CASCADE
) ENGINE=InnoDB AUTO_INCREMENT=6 DEFAULT CHARSET=utf8mb4 COLLATE=utf8mb4_0900_ai_ci;
/*!40101 SET character_set_client = @saved_cs_client */;

--
-- Dumping data for table `returns`
--

LOCK TABLES `returns` WRITE;
/*!40000 ALTER TABLE `returns` DISABLE KEYS */;
INSERT INTO `returns` VALUES (1,11,9,'NEGADA','De novo',NULL,NULL,'2025-11-03 20:52:33','2025-11-03 20:52:54'),(2,18,6,'APROVADA','teste','teste',NULL,'2025-11-05 22:31:19','2025-11-05 22:31:35'),(3,23,6,'APROVADA','TESTE','TESTE',NULL,'2025-11-08 19:21:18','2025-11-08 19:21:29'),(4,25,6,'APROVADA','DEVOLVER',NULL,NULL,'2025-11-08 19:40:27','2025-11-08 19:40:47'),(5,26,6,'APROVADA','DEV','DEV',NULL,'2025-11-08 19:43:57','2025-11-08 19:44:10');
/*!40000 ALTER TABLE `returns` ENABLE KEYS */;
UNLOCK TABLES;

--
-- Table structure for table `users`
--

DROP TABLE IF EXISTS `users`;
/*!40101 SET @saved_cs_client     = @@character_set_client */;
/*!50503 SET character_set_client = utf8mb4 */;
CREATE TABLE `users` (
  `id` int unsigned NOT NULL AUTO_INCREMENT,
  `nome` varchar(150) NOT NULL,
  `email` varchar(150) NOT NULL,
  `senha` varchar(255) NOT NULL,
  `role` enum('ADMIN','CLIENT') NOT NULL DEFAULT 'CLIENT',
  `createdAt` datetime NOT NULL,
  `updatedAt` datetime NOT NULL,
  `genero` varchar(10) DEFAULT NULL,
  `dataNascimento` date DEFAULT NULL,
  `cpf` varchar(20) DEFAULT NULL,
  `ativo` tinyint(1) DEFAULT '1',
  `telefone` json DEFAULT NULL COMMENT 'Armazena tipo, ddd e número',
  `enderecoResidencial` json DEFAULT NULL COMMENT 'Endereço principal do usuário',
  `enderecosEntrega` json DEFAULT NULL COMMENT 'Lista de endereços alternativos de entrega',
  `cartoes` json DEFAULT NULL COMMENT 'Lista de cartões cadastrados',
  PRIMARY KEY (`id`),
  UNIQUE KEY `email` (`email`),
  UNIQUE KEY `cpf` (`cpf`)
) ENGINE=InnoDB AUTO_INCREMENT=123 DEFAULT CHARSET=utf8mb4 COLLATE=utf8mb4_0900_ai_ci;
/*!40101 SET character_set_client = @saved_cs_client */;

--
-- Dumping data for table `users`
--

LOCK TABLES `users` WRITE;
/*!40000 ALTER TABLE `users` DISABLE KEYS */;
INSERT INTO `users` VALUES (3,'Administrador','admin@ecd.com','$2b$10$3TD84JvfXqS/6wZacZjRX.j..o0KDZPUIyZzmiMhHQDFxhTzTlN22','ADMIN','2025-10-29 20:16:27','2025-10-29 20:16:27',NULL,NULL,NULL,1,NULL,NULL,NULL,NULL),(6,'Teste','teste@t.com','$2b$10$ld2PYvH6Se2TBHtkyJxqL.JKTaa8AoaKFFIn8OgeBXQ04cAvt4a1a','CLIENT','2025-11-01 20:56:21','2025-12-02 02:46:19','M','1999-01-01','02623612056',1,'{\"ddd\": \"11\", \"tipo\": \"celular\", \"numero\": \"909090909\"}','{\"cep\": \"09090000\", \"pais\": \"BR\", \"bairro\": \"BA\", \"cidade\": \"MO\", \"estado\": \"SP\", \"numero\": \"1\", \"isCobranca\": true, \"logradouro\": \"RUA\", \"observacoes\": \"\"}','[]','[{\"numero\": \"1234 1234 1234 1234\", \"bandeira\": \"MasterCard\", \"nomeImpresso\": \"Teste\", \"preferencial\": true, \"codigoSeguranca\": \"111\"}, {\"numero\": \"3030 3030 3030 3030\", \"bandeira\": \"Hipercard\", \"nomeImpresso\": \"Estes\", \"preferencial\": false, \"codigoSeguranca\": \"099\"}]'),(7,'Lehzinha','leh@g.com','$2b$10$zgdfJKjtFfEzb.58r0167e.fo7l1CVVGrxDP/4ZH7zfAiHvs2tQci','CLIENT','2025-11-01 21:52:32','2025-11-16 12:31:51','F','2001-03-27','00123456789',1,'{\"ddd\": \"11\", \"tipo\": \"celular\", \"numero\": \"999889988\"}','{\"cep\": \"09090000\", \"pais\": \"BR\", \"bairro\": \"RO\", \"cidade\": \"Sampa\", \"estado\": \"SP\", \"numero\": \"2\", \"isCobranca\": false, \"logradouro\": \"RUA\", \"observacoes\": \"\"}','[]','[{\"numero\": \"4321 5432 6543 7643\", \"bandeira\": \"Visa\", \"nomeImpresso\": \"Leticinha\", \"preferencial\": false, \"codigoSeguranca\": \"098\"}]');
/*!40000 ALTER TABLE `users` ENABLE KEYS */;
UNLOCK TABLES;
/*!40103 SET TIME_ZONE=@OLD_TIME_ZONE */;

/*!40101 SET SQL_MODE=@OLD_SQL_MODE */;
/*!40014 SET FOREIGN_KEY_CHECKS=@OLD_FOREIGN_KEY_CHECKS */;
/*!40014 SET UNIQUE_CHECKS=@OLD_UNIQUE_CHECKS */;
/*!40101 SET CHARACTER_SET_CLIENT=@OLD_CHARACTER_SET_CLIENT */;
/*!40101 SET CHARACTER_SET_RESULTS=@OLD_CHARACTER_SET_RESULTS */;
/*!40101 SET COLLATION_CONNECTION=@OLD_COLLATION_CONNECTION */;
/*!40111 SET SQL_NOTES=@OLD_SQL_NOTES */;

-- Dump completed on 2025-12-02 10:06:33
